<?xml version="1.0" encoding="UTF-8"?>
<component xmlns="http://www.opensource-socialnetwork.org/v/3.0">
    <name>Giphy Integeration</name>
    <id>OssnGiphy</id>
    <author>Core Team</author>
    <description>Giphy Integeration.</description>
    <license>Open Source Social Network License (OSSN LICENSE)</license>
    <author_url>https://www.opensource-socialnetwork.org/</author_url>
    <license_url>https://www.opensource-socialnetwork.org/licence/</license_url>
    <author_url>https://www.opensource-socialnetwork.org</author_url>
    <version>1.0</version>
	<requires>
		<type>ossn_version</type>
		<version>6.0</version>
	</requires>
</component>
